,Anticipation,Disgust,Fear,Joy,Negative,Positive,Sadness,Surprise,Trust,follower_count,Pct_change
2016-06-15,0.00622786665038467,0.0014653803883258028,0.0029307607766516056,0.0014653803883258028,0.005250946391500798,0.009647087556478208,0.0034192209060935398,0.0012211503236048357,0.005128831359140314,2947684,0.005137690110644355
2016-06-14,0.008983347940403162,0.0008764241893076249,0.005915863277826472,0.003943908851884314,0.006792287467134098,0.022348816827344454,0.003943908851884314,0.0030674846625766885,0.0070113935144610045,3026367,-0.013881879751653892
2016-06-07,0.01042790363178713,0.0012585400934915496,0.003955411722402015,0.001618122977346278,0.006832074793239838,0.01078748651564186,0.0019777058612010065,0.0012585400934915496,0.008270406328658752,1530620,0.012858477025197823
2016-06-06,0.005578536815979186,0.0010637040538943392,0.0036402316511050634,0.0031438364259543734,0.005720364023165098,0.00784777213095377,0.002741992672260958,0.002174683843517312,0.005885829098215328,15696585,0.0020451676691868315
2016-06-05,0.005216581276199351,0.0028877503493246405,0.0035398230088495596,0.005216581276199351,0.007265952491849097,0.018258034466697683,0.005775500698649282,0.003167210060549606,0.00950163018164882,3516671,
2016-06-04,0.006220839813374802,0.0037325038880248857,0.0024883359253499225,0.003214100570243651,0.007983411093830993,0.010160705028512169,0.003317781233799898,0.004872991187143598,0.006428201140487295,3818335,
2016-06-03,0.009410775499644282,0.001519953431214023,0.0029428885583080043,0.0038483927300950833,0.007567427721363444,0.014099993532113084,0.0027811913847745973,0.0031045857318414112,0.008763986805510654,15253049,0.0019467463563191956
2016-06-02,0.01093197602988749,0.0021061605195195907,0.004638567810846712,0.0061680415214502215,0.010982122708923672,0.015445177143143902,0.005967454805305499,0.0033598274954241064,0.01010455582579048,17697468,-0.014340519259598894
2016-06-01,0.010271929076805,0.002003239280538744,0.004091722785781265,0.004517943909300146,0.010399795413860663,0.014747250873753169,0.004134344898133153,0.0028130594152246196,0.009035887818600269,12023992,-0.005823311645987483
2016-05-31,0.00989734721660101,0.0018396556164685977,0.005003863276794568,0.004268001030207133,0.0072114500165568725,0.013834210235843787,0.0035321387836196984,0.003164207660325981,0.008131277824791167,8079506,0.0016089705227946283
2016-05-30,0.01306326809285385,0.0018661811561219827,0.005370960400546203,0.007510241238051908,0.007055075102412396,0.016249431042330394,0.003959945380063717,0.0031406463359126033,0.012471552116522497,5660233,
2016-05-29,0.01258605851979347,0.0026893287435456126,0.004840791738382103,0.008175559380378663,0.01376936316695354,0.015382960413080907,0.0034423407917383844,0.002366609294320139,0.023881239242684912,7163854,
2016-05-28,0.011662449114314003,0.0016503465727802835,0.003300693145560567,0.0038508086698206614,0.007481571129937299,0.01760369677632303,0.003190670040708548,0.003190670040708548,0.016283419518098786,1464684,
2016-05-27,0.012429418658333004,0.001846656486380906,0.0037643382222379974,0.0040839518448808464,0.00784829006711884,0.01740118612166629,0.0022728079832380374,0.003586775098547526,0.011790191413047307,9902243,-0.0024076832166408657
2016-05-26,0.014248285201212834,0.0012364214430804557,0.0035031940887279515,0.007300774235332198,0.007889546351084794,0.019547234242986433,0.0033265624540021726,0.005858282551738337,0.012835232123406603,19066718,0.010236162511132463
2016-05-25,0.010030726533848837,0.001506591337099814,0.0030131826741996216,0.0065219546040242195,0.008127663792249044,0.01843592030924792,0.0027158291208246605,0.006046188918624271,0.009535137278223891,34116813,0.014914595042541556
2016-05-24,0.007625663752146001,0.0013175230566534906,0.0036132071705194317,0.0036132071705194317,0.00610851598993894,0.012895755978759783,0.002016209526090946,0.0020561344672016583,0.006467840459935349,18088999,0.014081552471523429
2016-05-23,0.0130217218241784,0.002900034118048441,0.006880473103605104,0.007477538951438604,0.010263846241328343,0.018793358353235545,0.005174570681223677,0.003667690208120083,0.0110599340384397,18191988,0.012996654320225343
2016-05-22,0.011934516370907224,0.003999000249937517,0.01262184453886523,0.010497375656085939,0.012184453886528317,0.021057235691077123,0.007748062984253914,0.006248437890527355,0.011747063234191404,6020136,
2016-05-21,0.018437385907265288,0.0025556772544724367,0.010709504685408266,0.00979676280881098,0.009553364975051704,0.021662407204575698,0.004016064257028115,0.007423633929658031,0.014056224899598315,6548964,
2016-05-20,0.011019055509527746,0.0018503175918254627,0.0049157691245512135,0.004529135597901123,0.007925987296326924,0.017453742060204457,0.003507318420325877,0.002982601491300746,0.008920187793427188,12058239,0.0
2016-05-19,0.011453561016243235,0.0009371095376926284,0.006195335276967932,0.005882965431070389,0.008902540608079969,0.01889837567680123,0.005102040816326532,0.0032798833819241992,0.011609745939192007,12571398,0.005097660459546294
2016-05-18,0.0075000599046318546,0.0011741307837922041,0.0030191934440370882,0.003666163467759318,0.007739678431936388,0.011980926365226637,0.0034265449404547884,0.0020127956293580643,0.0063738528263005455,14808936,-0.004124795103760515
2016-05-17,0.0061504126226189495,0.001660870919188254,0.003918617324959797,0.0028675974464109754,0.006902994757876106,0.010562101001712806,0.002153941973322269,0.002153941973322269,0.004982612757564742,39125398,0.0233791933800076
2016-05-16,0.007470651013873999,0.0012102674691106738,0.0036638097019441123,0.004786057718755813,0.006392412723211777,0.011123458284280711,0.002497551958982933,0.002651586000506108,0.008262826084564611,53305762,0.026555548773871562
2016-05-15,0.012985326580963477,0.0015582391897156216,0.004285157771717956,0.004739644202051681,0.010842747695104517,0.01376444617582128,0.0058433969614335845,0.0036358914426697798,0.012400986884820124,3438022,
2016-05-14,0.010385219176427976,0.002717063156623594,0.004407680231856048,0.007245501750996239,0.009721048182586645,0.01678541238980807,0.005675643038280389,0.004407680231856048,0.010385219176427976,4505964,
2016-05-13,0.012531554273350214,0.00191128741435269,0.00596826541651643,0.007915614857555025,0.010656328885683419,0.017598269022719153,0.004579877389109283,0.005210962856112532,0.012243058059863015,26557634,-0.02933564694664592
2016-05-12,0.015264668503948305,0.003170024703345668,0.007753709071696845,0.006597078436692342,0.015236109722837083,0.01706387171395531,0.008553354942811068,0.0048407133983521715,0.014050920306721358,28507332,-0.008130103861128002
2016-05-11,0.011090613130764993,0.0017362995116657599,0.0049918610960390875,0.0032338578404774894,0.008160607704829114,0.015626695604991653,0.004058600108518733,0.0024742268041237124,0.011589799240368884,14947861,0.0016072165749063672
2016-05-10,0.009714507169616355,0.0022736080609740378,0.0043146880248030066,0.005141454592429931,0.008836067691512748,0.014235886836326097,0.003952977651466227,0.004056323472419593,0.0101795633639065,10980643,0.0035484067855342527
2016-05-09,0.008687025117359557,0.001645453225572278,0.0030731258771717544,0.0049605575182693675,0.006436625852973911,0.012171514300924505,0.0029279388278565534,0.003944248173062961,0.009896917194986275,23008826,-0.0039627582274605055
2016-05-08,0.001362989287913816,0.0002423092067402346,0.0006259654507456062,0.00042404111179541066,0.001150968732016113,0.0020596282572919837,0.0004644259795854498,0.0002322129897927248,0.0017466455319191836,6638338,
2016-05-07,0.007537190082644629,0.002181818181818182,0.004694214876033058,0.0037685950413223145,0.009586776859504133,0.013289256198347109,0.004760330578512397,0.003107438016528926,0.00859504132231405,3957782,
2016-05-06,0.0041068015045939215,0.0010729481408398608,0.0033298390577788557,0.002639205771721026,0.005907381143244755,0.007128322131097033,0.0030708515755071696,0.0022075599679348824,0.004587778257384213,18200102,-0.006702098440616644
2016-05-05,0.009241571583458116,0.0020393412153441085,0.006789199235892383,0.0051112602612421775,0.01117765501574688,0.014456089627755853,0.006247095874851547,0.004001239093396657,0.009499716041096617,28334455,-0.012605010364596936
2016-05-04,0.008048718167106783,0.001660846605910909,0.005216761774976598,0.003364279022229789,0.00849586917639048,0.011157482326888676,0.004343752661613154,0.002831956392130139,0.007580274252619092,14565816,0.010615711596566602
2016-05-03,0.012107938991005115,0.0022369964802502976,0.005694172858818942,0.0054595228783731065,0.014063355494720412,0.016488071959327378,0.0059601095033242225,0.0036448963629253112,0.011732499022291778,65195611,0.0024475441582563207
2016-05-02,0.012646257115837677,0.002336405273600471,0.006508557547887019,0.006100613769956778,0.013666116560663326,0.015131005581412893,0.007435702497728474,0.0046357247492072795,0.009493964286376583,33275540,-0.00021275288350774968
2016-05-01,0.008784922621175766,0.0018387047346646926,0.004494611573624799,0.004443536442106335,0.00883599775269423,0.012155881301394384,0.004392461310587871,0.002247305786812401,0.009193523673323477,5944403,
2016-04-30,0.003209868773011917,0.000298958366113856,0.0019983006577084074,0.001211568115303521,0.004578783396796402,0.0037605815526953303,0.0018566888000755284,0.0013531799729364006,0.0025647480882399184,15195951,
2016-04-29,0.012631578947368308,0.0024366471734892743,0.006608187134502875,0.006159844054580852,0.014327485380116828,0.017173489278752414,0.00760233918128649,0.004132553606237794,0.011832358674463833,38826109,-0.03708639200846531
2016-04-28,0.009646009646009802,0.0021710021710021647,0.005005005005005024,0.005343005343005372,0.011648011648011863,0.013299013299013562,0.006162006162006215,0.0037180037180037056,0.009399009399009547,37088567,0.01677083969116211
2016-04-27,0.010744174826342517,0.0034824239650149843,0.007187525128503238,0.004905083844150726,0.013923510382324065,0.013502897896318724,0.008133903222015255,0.0034391256208673726,0.010527683105604474,101736437,-0.07612360103297489
2016-04-26,0.011771056434901795,0.0031575220417095033,0.006048047734303881,0.004817542820990612,0.012363091817722242,0.012601066824542225,0.005763638579811663,0.0031168921624963293,0.008613534393192747,181115430,-0.010380917503720277
2016-04-25,0.008422095615556149,0.0012591858640904961,0.004789034761786823,0.003405994550408727,0.00933036082899848,0.013025348856411602,0.004706465196928429,0.0023119478160350095,0.006997770621748857,23984905,-9.52493669840182e-05
2016-04-24,0.009212567882079102,0.0009697439875872773,0.0023758727695888282,0.004606283941039565,0.0057214895267649266,0.013770364623739276,0.0021819239720713723,0.0020364623739332803,0.008242823894491831,8061967,
2016-04-23,0.007832099369760731,0.0006730710395888149,0.006057639356299321,0.003732484855901611,0.009361806277917118,0.01395092700238628,0.004221991066511656,0.0025087193293764926,0.01027963042281095,3394301,
2016-04-22,0.008754896951115651,0.0019076818259240358,0.005314256515074105,0.003985692386305578,0.01107136773973764,0.01093510475217164,0.004871401805484596,0.0035087719298245684,0.007290069834781145,17318253,-0.017955654759802542
2016-04-21,0.007173601147776183,0.0019032003045120485,0.004040640646502503,0.0036307205809152925,0.007642081222732995,0.010335841653734664,0.0035428805668608902,0.003660000585600093,0.005973120955699352,11541564,0.0027194384582440723
2016-04-20,0.009268246861007648,0.0018786986880420815,0.005166421392115744,0.00607445909133609,0.011084322259448338,0.015060901149137437,0.004696746720105221,0.0034755925728778606,0.007984469424178884,13951296,-0.011494233364288009
2016-04-19,0.008268097457999809,0.0009455536986542354,0.004178027970797769,0.005409446741138163,0.008685900255079601,0.012775969742281785,0.0027047233705690837,0.005695311812824326,0.011038789691265804,19946959,-0.009275435227217743
2016-04-18,0.009770145879313082,0.0013726651235398625,0.004925445443290097,0.0033105452979490814,0.009743230876890732,0.013215266189373805,0.0039026753512407873,0.0037411853367066857,0.00893578080422025,10028356,-0.02872180183010198
2016-04-17,0.003457772337821293,0.0008567931456548342,0.0016217870257037928,0.0018971848225214178,0.0029681762545899597,0.0056609547123622934,0.0015605875152998761,0.001101591187270501,0.0025091799265605846,4870862,
2016-04-16,0.008920372556736203,0.00157418339236521,0.0038698675062311407,0.0034763216581398383,0.008658008658008665,0.019677292404565276,0.003082775810048536,0.0036075036075036058,0.006690279417552142,1959359,
2016-04-15,0.013252140058399347,0.0019965559410017705,0.006139409518580479,0.004317552222416348,0.011879507848960618,0.022935436372258016,0.0046419925628291385,0.004991389852504451,0.00763682647433182,13980797,0.0043898750377384665
2016-04-14,0.011986778702560664,0.0013141651069252529,0.005336306797817686,0.00621241686910118,0.009039863008243392,0.011907132332443981,0.002429214288558803,0.005535422723109389,0.010991199076102126,6789566,0.007400719063529015
2016-04-13,0.008426541717049598,0.0015492744860943158,0.004005441354292629,0.0039298669891172965,0.00956015719467959,0.011487303506650576,0.0036275695284159657,0.0035142079806529665,0.00725513905683194,9260609,0.013352906189564528
2016-04-12,0.009819043677815014,0.0012414882811030423,0.0048530905534028,0.005229299123434025,0.007900379970655723,0.011775328241977428,0.0025958391332154516,0.002633459990218574,0.008163725969677587,6558416,0.0033953850880310554
2016-04-11,0.009284135351130695,0.0007481720795783031,0.004250977724876718,0.002754633565720116,0.007651759904778053,0.011562659411664589,0.0029926883183132125,0.002312531882332937,0.006937595646998773,20439809,0.000550891163128453
2016-04-10,0.010559814841602766,0.0007956024880659626,0.005424562418631571,0.0030377549544336776,0.007811369882829465,0.01070446983943294,0.0037610299435845546,0.004339649934905256,0.007377404889338939,2451512,
2016-04-09,0.006098973210839181,0.0015440438508453635,0.0057129622481278414,0.0023160657762680455,0.0124295529993052,0.013201574924727887,0.004014514012197948,0.0017756504284721678,0.007334208291515467,6571308,
2016-04-08,0.010893864660586958,0.0019161846634257135,0.008480891380717526,0.0037613995245023156,0.01107128916645971,0.011390653277030665,0.005464674780880736,0.002200063872822114,0.008338951776019324,6493410,-0.009458784129138031
2016-04-07,0.007804185881518317,0.004740559192492511,0.007578444967590099,0.0035151085168821936,0.011609532716308163,0.011125802186461996,0.005546776742236144,0.0020961656293334184,0.008384662517333717,24443168,-0.0025402013985676986
2016-04-06,0.008088508739308282,0.001301599107474898,0.004462625511342501,0.0037653402751952362,0.00725176645593156,0.009576050576422475,0.00251022685013016,0.0029285979918185186,0.007902566009669008,9351121,0.0065747530513919905
2016-04-05,0.013733815589453345,0.0021491848823190214,0.004927399486292388,0.00550401006447554,0.009697541542171218,0.014310426167636506,0.004822561199349997,0.004298369764638041,0.010221732976883183,7756158,-0.008241224848804407
2016-04-04,0.005615997885741978,0.00044047042241113487,0.0027749636611901535,0.0022904461965379042,0.0049773157732458315,0.006827291547372601,0.0015636699995595306,0.0018940228163678823,0.005219574505571956,9432677,0.015076295348888769
2016-04-03,0.012217885627015113,0.0004242321398269133,0.0035635499745460737,0.0030544714067537774,0.008739182080434404,0.007381639232988279,0.0020363142711691848,0.0029696249787883947,0.007890717800780572,6069851,
2016-04-02 00:00:00,0.0,0.0,0.0,0.0,0.058823529411764705,0.0,0.0,0.058823529411764705,0.0,626,
2016-06-15,0.0018001800180018,0.0018001800180018,0.0009000900090009,0.0,0.009000900090009001,0.004500450045004501,0.0,0.0018001800180018,0.0027002700270027003,212332,0.007692182158947736
2016-06-14,0.007915567282321892,0.0006088897909478384,0.0018266693728435153,0.005074081591231985,0.008930383600568291,0.01075705297341181,0.0020296326364927946,0.005277044854881264,0.009539273391516131,4413122,-0.0006988158182931192
2016-06-13,0.012598425196850388,0.0008998875140607424,0.005399325084364456,0.00517435320584927,0.006974128233970758,0.02677165354330705,0.0024746906636670413,0.0042744656917885265,0.016422947131608537,2652364,-0.00832937669832945
2016-06-12,0.008076728924785462,0.008581524482584552,0.0035335689045936395,0.001514386673397274,0.019687026754164543,0.008581524482584552,0.001514386673397274,0.001514386673397274,0.004543160020191822,647515,
2016-06-11,0.0078125,0.00146484375,0.0048828125,0.0029296875,0.01171875,0.00927734375,0.00341796875,0.00390625,0.005859375,744268,
2016-06-10,0.010335917312661503,0.0017226528854435831,0.0033017513637668677,0.0034453057708871662,0.006029285099052547,0.008613264427217925,0.0033017513637668677,0.0033017513637668677,0.005024404249210454,6054195,-0.001519523391344313
2016-06-07,0.0036101083032490976,0.0,0.0009025270758122744,0.0027075812274368234,0.005415162454873646,0.00631768953068592,0.0,0.0,0.007220216606498194,305868,-0.007081896369329765
2016-06-06,0.010871383174443897,0.0010035122930255895,0.004850309416290349,0.00367954507442716,0.009031610637230313,0.015052684395383861,0.002676032781401571,0.0028432848302391693,0.010871383174443897,5499488,-0.004032408088786021
2016-06-05,0.008673026886383346,0.0043365134431916745,0.0043365134431916745,0.003902862098872507,0.01561144839549002,0.015177797051170852,0.010841283607979181,0.003902862098872507,0.01257588898525585,1851030,
2016-06-04,0.006410256410256412,0.005698005698005699,0.012108262108262113,0.002849002849002849,0.01923076923076923,0.022792022792022783,0.006410256410256412,0.002849002849002849,0.006410256410256412,390035,
2016-06-03,0.008374294556708534,0.0010922992900054614,0.004915346805024574,0.005097396686692151,0.010558893136719465,0.015110140178408905,0.0065537957400327645,0.005461496450027304,0.010376843255051888,6452887,-0.006178776976828226
2016-06-02,0.012308839985080176,0.0022379709063782174,0.0037299515106303627,0.004848936963819471,0.012495337560611693,0.013800820589332314,0.004848936963819471,0.005035434539350989,0.013614323013800797,4112753,-0.003166453177755546
2016-06-01,0.011113580795732379,0.0006668148477439431,0.0031118026228050683,0.002000444543231829,0.006890420093354082,0.013558568570793496,0.0011113580795732384,0.00400088908646366,0.006223605245610138,2873846,-0.00038735917879850756
2016-05-31,0.013739802490339213,0.002146844139115501,0.003434950622584802,0.002361528553027051,0.006655216831258049,0.006655216831258049,0.002146844139115501,0.004508372692142552,0.0068699012451695985,1165054,0.015254030251840467
2016-05-30,0.015553289138194808,0.005354411014788375,0.007904130545639983,0.010453850076491591,0.007904130545639983,0.015043345232024486,0.007394186639469662,0.011728709841917396,0.017083120856705762,1402642,
2016-05-29,0.02645947081058379,0.0125997480050399,0.00377992440151197,0.018479630407391853,0.0029399412011759767,0.020999580008399833,0.005879882402351953,0.02141957160856783,0.020999580008399833,2005982,
2016-05-28,0.017786561264822143,0.004940711462450591,0.011857707509881426,0.009881422924901186,0.00543478260869565,0.014822134387351785,0.008399209486166006,0.017786561264822143,0.02371541501976286,288882,
2016-05-27,0.012436589756177374,0.0004909180166912126,0.007363770250368194,0.005236458844706269,0.011454753722794952,0.017509409261986554,0.005236458844706269,0.004254622811323842,0.014400261822942217,5657352,0.002051643703294914
2016-05-26,0.012001352265043948,0.0021974306964164976,0.014874915483434753,0.006254225828262339,0.01977687626774848,0.020114942528735632,0.006930358350236646,0.005070993914807302,0.01859364435429344,4961737,0.0013605442176871652
2016-05-25,0.015635264748390516,0.0014452765733806332,0.002890553146761265,0.006700827749310201,0.0047299960583366135,0.014321376954408115,0.0030219419261595043,0.003416108264354222,0.009459992116673234,7092360,0.021046085889953492
2016-05-24,0.02280999757340456,0.004489201650084931,0.006551807813637472,0.005823829167677752,0.017956806600339756,0.016500849308420315,0.009221062848823113,0.008371754428536772,0.011041009463722414,10420914,-0.00018056735789773182
2016-05-23,0.005847953216374266,0.0014176856282119442,0.002126528442317916,0.0026581605528973947,0.005139110402268295,0.008151692362218674,0.0014176856282119442,0.0014176856282119442,0.006025163919900759,3376756,0.004912986612152004
2016-05-22,0.007095343680709534,0.0004434589800443459,0.005764966740576497,0.011086474501108643,0.007095343680709534,0.017294900221729474,0.0031042128603104213,0.0026607538802660754,0.015077605321507748,2123759,
2016-05-21,0.0053085600530856,0.003317850033178501,0.006967485069674848,0.0026542800265428007,0.0092899800928998,0.011280690112806904,0.0006635700066357001,0.006967485069674848,0.0086264100862641,5787932,
2016-05-20,0.009995590180802602,0.0017639276789651623,0.007349698662354852,0.004409819197412907,0.010583566073790992,0.01822725268264002,0.003233867411436131,0.0033808613846832277,0.010436572100543894,5357101,-0.0025615562461109853
2016-05-19,0.009823848238482386,0.00440379403794038,0.004290876242095755,0.006436314363143633,0.009146341463414635,0.016147244805781388,0.0036133694670280043,0.005532971996386631,0.01253387533875339,9005807,-0.000278374679236304
2016-05-18,0.014183565818778556,0.0010549759699917949,0.0046887820888524175,0.0046887820888524175,0.013128589848786763,0.013480248505450694,0.005743758058844211,0.004571562536631107,0.009377564177704831,21848520,-0.017180529095475627
2016-05-17,0.009824318076745255,0.0013869625520110957,0.0031206657420249635,0.006472491909385115,0.007165973185390665,0.01248266296809984,0.003698566805362919,0.0056634304207119745,0.010286638927415617,9402633,0.00930526585793734
2016-05-16,0.009402369912416284,0.0024471921689850594,0.009659969088098923,0.01094796496651212,0.007856774858320448,0.021767130345182968,0.0034775888717156096,0.0014167954662545083,0.015713549716640945,8517389,-0.0031653241149768307
2016-05-15,0.01604412133366759,0.000250689395838556,0.001002757583354224,0.0017548257708698922,0.006768613687641008,0.014790674354474813,0.0017548257708698922,0.00125344697919278,0.013787916771120587,1803631,
2016-05-14,0.0216576426488963,0.00041649312786339027,0.00041649312786339027,0.001457725947521866,0.003123698458975428,0.03935860058309039,0.0008329862557267805,0.001457725947521866,0.03810912119950022,2382424,
2016-05-13,0.014615036914268477,0.0010546933855657675,0.0019587162874792822,0.010998945306614423,0.005273466927828837,0.02335392496609911,0.0022600572547837876,0.010546933855657666,0.013711014012354963,5925312,-0.007349733446465168
2016-05-12,0.018627022299956258,0.0009619588981198076,0.003760384783559245,0.0029733275032794034,0.008045474420638384,0.01906427634455617,0.003760384783559245,0.0026235242675994737,0.017839965019676416,4311487,-0.011505454689318406
2016-05-11,0.021720243266724552,0.003668307751713483,0.005598996042088998,0.0018341538758567433,0.01650738488271066,0.036200405444540916,0.008205425234095945,0.004247514238826138,0.03359397625253397,6603024,0.007565034005075022
2016-05-10,0.009148590821897602,0.004426737494466577,0.006049874575770992,0.004574295410948797,0.012099749151541992,0.011804633318577553,0.0017706949977866315,0.006935222074664309,0.010476612070237578,5883804,0.011366464327610126
2016-05-09,0.007389493483810297,0.0006717721348918447,0.006852075775896821,0.002015316404675535,0.0061803036410049755,0.007255139056831928,0.00268708853956738,0.002552734112589011,0.005777240360069868,7621340,0.020359449243852135
2016-05-08,0.023184868822452704,0.0006101281269066504,0.0012202562538133007,0.0030506406345332518,0.0024405125076266015,0.015863331299572906,0.0006101281269066504,0.0006101281269066504,0.012812690665039655,2185914,
2016-05-07,0.005471124620060792,0.0018237082066869302,0.0006079027355623101,0.0048632218844984814,0.0012158054711246201,0.009118541033434652,0.0018237082066869302,0.0030395136778115506,0.007902735562310033,591973,
2016-05-06,0.010008006405124097,0.0020016012810248197,0.003602882305844677,0.007405924739791838,0.009807846277021616,0.015812650120096056,0.00480384307445957,0.00480384307445957,0.014011208967173724,1302415,-0.003916066843312915
2016-05-05,0.009565716472163758,0.002104457623876028,0.007078630189401186,0.003826286588865506,0.01090491677826668,0.01052228811938013,0.004208915247752056,0.004974172565525158,0.009374402142720483,1408195,0.011644495721830905
2016-05-04,0.01335908578786414,0.0006438113632705617,0.002575245453082247,0.010783840334781898,0.011588604538870098,0.02221149203283435,0.0038628681796233715,0.003701915338805731,0.015773378400128744,5861597,-0.008042077850877183
2016-05-03,0.01037385006850656,0.0007829320806420043,0.004697592483852023,0.004501859463691522,0.0058719906048150285,0.011743981209630073,0.003131728322568016,0.0041103934233705204,0.010961049128988066,1582334,0.0008147223055501307
2016-05-02,0.013491475166790227,0.002668643439584878,0.011712379540400306,0.0065233506300963725,0.02060785767234991,0.011119347664937,0.01022979985174204,0.005337286879169759,0.01067457375833952,4196207,0.011077639957761232
2016-05-01,0.008923431203223952,0.0011514104778353484,0.0023028209556706964,0.009786989061600462,0.004029936672423719,0.013816925734024174,0.0020149683362118594,0.005181347150259068,0.012089810017271154,737516,
2016-04-30,0.012361865517887234,0.0007492039707810451,0.008053942685896239,0.003933320846600486,0.012923768495973017,0.010114253605544106,0.0022476119123431356,0.009552350627458324,0.007492039707810455,3887636,
2016-04-29,0.010681642990860015,0.0006607201850016519,0.008699482435855067,0.007708402158352592,0.009580442682523933,0.01673824468670847,0.004625041295011561,0.002642880740006608,0.008809602466688675,5220942,-0.026503869115453882
2016-04-28,0.012684989429175498,0.005452320017803494,0.007232669411371978,0.004673417158117282,0.012573717592077467,0.014131523311449902,0.005452320017803494,0.004673417158117282,0.010793368198508969,2486070,-0.0027988050465669323
2016-04-27,0.013445679455001748,0.0020616708497669424,0.004750806740767303,0.004930082466833994,0.00887414844030118,0.01667264252420217,0.00403370383650054,0.0030476873431337414,0.00950161348153459,10041337,-0.02565752669785959
2016-04-26,0.011184834123222718,0.001990521327014218,0.006066350710900465,0.004834123222748812,0.011848341232227454,0.012890995260663469,0.003317535545023697,0.0024644549763033177,0.01090047393364926,10366985,0.012334272965728532
2016-04-25,0.007042889390519184,0.00036117381489841985,0.004424379232505647,0.002437923250564335,0.006230248306997741,0.009119638826185094,0.0032505643340857817,0.002437923250564335,0.0065011286681715555,2335541,-0.011506765425405407
2016-04-24,0.010884150887132842,0.00044729387207395263,0.0032801550618756516,0.008647681526763087,0.0041747428060235564,0.018339048755032054,0.001938273445653795,0.001938273445653795,0.010287759057700907,3100593,
2016-04-23,0.007740686985970002,0.0012094823415578133,0.003386550556361878,0.0026608611514271894,0.0026608611514271894,0.009675858732462508,0.001451378809869376,0.004596032897919691,0.006773101112723752,4398740,
2016-04-22,0.011583563733434998,0.003336829059014202,0.006864334064257806,0.006959672037372498,0.016112117456382812,0.016350462389169547,0.006864334064257806,0.004766898655734579,0.01325197826294208,22504935,-0.04296873128991863
2016-04-21,0.01103511937229897,0.0014265933789283762,0.0051189527126253576,0.005454621742961449,0.010657491713170868,0.013678512986195691,0.004405656023161163,0.0036084420761129487,0.010657491713170868,20720069,-0.0023743206141241258
2016-04-20,0.01147704590818362,0.0009980039920159682,0.004865269461077841,0.009231536926147695,0.008607784431137716,0.014595808383233516,0.0019960079840319364,0.003118762475049899,0.006487025948103787,5471447,-0.01434538501640581
2016-04-19,0.009274193548387091,0.0017473118279569897,0.005376344086021507,0.0025537634408602156,0.007123655913978497,0.012634408602150511,0.004435483870967743,0.0022849462365591403,0.008602150537634407,6117055,0.01321472657472067
2016-04-18,0.005249050703596164,0.0008934554389099843,0.002680366316729954,0.0018985928076837167,0.005249050703596164,0.005360732633459912,0.0021219566674112126,0.0030154121063211987,0.005360732633459912,5079343,0.006047714302264584
2016-04-17,0.006318006318006318,0.001053001053001053,0.002457002457002457,0.002106002106002106,0.004914004914004914,0.005967005967005967,0.001053001053001053,0.002808002808002808,0.010179010179010179,1426549,
2016-04-16,0.006706216146505032,0.0010317255610007739,0.002837245292752129,0.0030951766830023225,0.004126902244003096,0.01650760897601236,0.0023213825122517418,0.0038689708537529032,0.009027598658756771,5741292,
2016-04-15,0.012984851007158342,0.000665889795238888,0.004827701015481938,0.005160645913101382,0.00665889795238888,0.013817213251206956,0.001997669385716664,0.003495921425004162,0.010654236723822222,5615910,0.0001805801835053078
2016-04-14,0.010690952286675914,0.0003959611958028113,0.003959611958028115,0.002969708968521086,0.006731340328647797,0.009503068699267479,0.0023757671748168684,0.0037616313601267094,0.010097010492971696,2604839,0.00655578638337051
2016-04-13,0.013947847180109139,0.0008085708510208206,0.006064281382656158,0.004851425106124926,0.009096422073984232,0.012937133616333116,0.005255710531635337,0.00424499696785931,0.01131999191429148,1257674,0.01566394393357151
2016-04-12,0.012350370511115325,0.0017100513015390465,0.005890176705301161,0.0043701311039331175,0.009690290708721261,0.011780353410602311,0.004560136804104123,0.004180125403762112,0.01254037621128633,1370910,-0.009171101207522514
2016-04-11,0.008661417322834654,0.0007874015748031496,0.00551181102362205,0.0020472440944881887,0.008503937007874024,0.013543307086614192,0.003779527559055117,0.0018897637795275586,0.009448818897637806,2335363,-0.0005483736310781806
2016-04-10,0.010800196367206676,0.0009818360333824251,0.005400098183603338,0.003436426116838488,0.007854688267059401,0.008345606283750613,0.0019636720667648502,0.004418262150220913,0.008345606283750613,253017,
2016-04-09,0.01356132075471698,0.001768867924528302,0.006485849056603773,0.0023584905660377358,0.012382075471698112,0.01356132075471698,0.0029481132075471696,0.0047169811320754715,0.01356132075471698,291816,
2016-04-08,0.011632341723874895,0.00019069412662090009,0.005530129672006103,0.004767353165522501,0.0040045766590389,0.012967200610221191,0.001906941266209001,0.005148741418764302,0.011060259344012197,2297802,0.0007186376779717563
2016-04-07,0.01166861143523921,0.0021392454297938547,0.005834305717619601,0.003111629716063789,0.00952936600544535,0.016530532866588885,0.003889537145079736,0.0035005834305717625,0.007001166861143519,3112113,0.009870131167110552
2016-04-06,0.00745941202281703,0.00021939447125932427,0.0024133391838525673,0.003729706011408514,0.007678806494076354,0.008775778850372977,0.00153576129881527,0.0030715225976305407,0.00943396226415095,5040818,-0.0003824911630935235
2016-04-05,0.008982996470965673,0.0006416426050689766,0.0035290343278793707,0.0019249278152069298,0.006095604748155278,0.008341353865896697,0.004170676932948347,0.0025665704202759063,0.005453962143086301,942575,-0.014788637884357803
2016-04-04,0.00896511401286299,0.003118300526213214,0.007990645098421364,0.003508088091989866,0.008380432664198014,0.007016176183979734,0.004482557006431496,0.004677450789319822,0.00818553888130969,3336352,0.016311000395072828
2016-04-03,0.004915346805024577,0.0,0.008738394320043693,0.0010922992900054614,0.0016384489350081922,0.009830693610049155,0.0005461496450027307,0.009830693610049155,0.01256144183506281,3260284,
2016-04-02,0.002186588921282799,0.0,0.0036443148688046646,0.0,0.005102040816326531,0.004373177842565598,0.0007288629737609329,0.002186588921282799,0.004373177842565598,833434,
2016-04-01,0.011417225117895254,0.001737403822288409,0.004715810374782826,0.001737403822288409,0.01365103003226606,0.013154628940183658,0.0034748076445768193,0.004467609828741625,0.007694216927277244,1999362,-0.014550919280742591
2016-03-31,0.013947368421052622,0.0015789473684210526,0.0023684210526315787,0.005789473684210523,0.010789473684210519,0.017894736842105265,0.002105263157894737,0.0026315789473684206,0.012631578947368412,1142140,0.000169230912242746
2016-03-30,0.008617718028266108,0.001034126163391934,0.0022406066873491906,0.0036194415718717697,0.009307135470527396,0.013960703205791089,0.0022406066873491906,0.0022406066873491906,0.011203033436745937,1608581,0.01927877804648781
